<?xml version="1.0" encoding="utf-8"?>
<odoo>
    <data>

        <!-- Sequences for fleet.vehicle/Job Card -->
<!--        <record id="seq_fleet_vehicle" model="ir.sequence">-->
<!--            <field name="name">Job Card</field>-->
<!--            <field name="code">fleet.vehicle</field>-->
<!--            <field name="prefix">JC %(year)s/</field>-->
<!--            <field name="padding">3</field>-->
<!--            <field name="company_id" eval="False"/>-->
<!--        </record>-->


<!--        <record id="seq_sale_stock_order" model="ir.sequence">-->
<!--            <field name="name">Sales Stock Orders</field>-->
<!--            <field name="code">sale.stock.order</field>-->
<!--            <field name="prefix">SO %(year)s/</field>-->
<!--            <field name="padding">3</field>-->
<!--            <field name="company_id" eval="False"/>-->
<!--        </record>-->
    </data>
</odoo>
