<?xml version="1.0" encoding="utf-8"?>
<odoo>
    <data>
	     <record id="ir_cron_helpdesk_ticket_report" model="ir.cron">
		      <field name="interval_type">minutes</field>
		      <field name="name">Send Helpdesk Ticket PDF Report</field>
		      <field name="numbercall">-1</field>
		      <field name="priority">5</field>
		      <field name="doall">False</field>
		      <field name="active">False</field>
		      <field name="interval_number">15</field>
		      <field name="user_id" ref="base.user_root"/>
		      <field name="model_id" ref="model_helpdesk_ticket"/>
		      <field name="state">code</field>
		      <field name="active">True</field>
		      <field name="code">model._send_help_ticket_report()</field>
	    </record>
    </data>
</odoo>